reg_no,password_hash,created_date,last_login,contact_email,contact_phone,user_status,user_role,user_profile_image,user_profile_description
TR-000001,hashed_pass_1,2023-09-24 03:36:23,2024-10-17 18:11:25,user1@travel.com,03325767621,deleted,traveler,default.png,"This is user 1, who enjoys traveling, exploring new places, and connecting with others."
TR-000002,hashed_pass_2,2022-12-24 03:30:34,2024-01-07 01:23:16,user2@adventures.org,03933927618,inactive,traveler,default.png,"This is user 2, who enjoys traveling, exploring new places, and connecting with others."
TR-000003,hashed_pass_3,2022-06-24 05:13:57,2024-11-09 16:51:04,user3@travel.com,+92019743257,inactive,traveler,default.png,"This is user 3, who enjoys traveling, exploring new places, and connecting with others."
TR-000004,hashed_pass_4,2022-01-07 23:07:20,2025-01-08 02:38:42,user4@mail.com,+92961445412,active,traveler,default.png,"This is user 4, who enjoys traveling, exploring new places, and connecting with others."
TR-000005,hashed_pass_5,2022-06-13 10:32:58,2024-08-14 06:17:01,user5@travel.com,+92751437455,pending,traveler,default.png,"This is user 5, who enjoys traveling, exploring new places, and connecting with others."
TR-000006,hashed_pass_6,2022-06-02 16:45:47,2024-04-10 15:30:11,user6@mail.com,+92857125313,deleted,traveler,default.png,"This is user 6, who enjoys traveling, exploring new places, and connecting with others."
TR-000007,hashed_pass_7,2023-04-17 18:51:59,2025-03-23 02:00:01,user7@example.com,03110026909,deleted,traveler,default.png,"This is user 7, who enjoys traveling, exploring new places, and connecting with others."
TR-000008,hashed_pass_8,2023-10-01 10:00:45,2024-10-19 14:06:37,user8@example.com,+92322516388,deleted,traveler,default.png,"This is user 8, who enjoys traveling, exploring new places, and connecting with others."
TR-000009,hashed_pass_9,2022-06-24 12:33:16,2024-02-15 11:41:11,user9@travel.com,03174062749,active,traveler,default.png,"This is user 9, who enjoys traveling, exploring new places, and connecting with others."
TR-000010,hashed_pass_10,2022-11-03 11:24:24,2024-08-29 08:06:05,user10@example.com,03833315938,deleted,traveler,default.png,"This is user 10, who enjoys traveling, exploring new places, and connecting with others."
TR-000011,hashed_pass_11,2022-11-20 12:07:22,2024-04-11 01:54:59,user11@example.com,03081285481,active,traveler,default.png,"This is user 11, who enjoys traveling, exploring new places, and connecting with others."
TR-000012,hashed_pass_12,2022-12-04 18:04:31,2024-10-08 05:59:28,user12@adventures.org,+92197756592,pending,traveler,default.png,"This is user 12, who enjoys traveling, exploring new places, and connecting with others."
TR-000013,hashed_pass_13,2022-11-29 11:03:42,2024-10-26 13:42:47,user13@adventures.org,03796824271,deleted,traveler,default.png,"This is user 13, who enjoys traveling, exploring new places, and connecting with others."
TR-000014,hashed_pass_14,2022-09-14 01:43:18,2024-02-08 20:07:04,user14@mail.com,03049442920,active,traveler,default.png,"This is user 14, who enjoys traveling, exploring new places, and connecting with others."
TR-000015,hashed_pass_15,2022-08-20 18:02:20,2024-12-06 13:39:35,user15@adventures.org,03234221889,active,traveler,default.png,"This is user 15, who enjoys traveling, exploring new places, and connecting with others."
TR-000016,hashed_pass_16,2023-03-28 01:32:30,2024-04-16 00:48:08,user16@example.com,+92310274691,pending,traveler,default.png,"This is user 16, who enjoys traveling, exploring new places, and connecting with others."
TR-000017,hashed_pass_17,2022-03-12 04:00:34,2024-06-22 03:39:42,user17@example.com,+92757508408,pending,traveler,default.png,"This is user 17, who enjoys traveling, exploring new places, and connecting with others."
TR-000018,hashed_pass_18,2022-02-28 12:44:24,2024-05-16 19:04:28,user18@travel.com,+92747233118,inactive,traveler,default.png,"This is user 18, who enjoys traveling, exploring new places, and connecting with others."
TR-000019,hashed_pass_19,2023-01-11 15:06:40,2024-03-26 14:19:35,user19@adventures.org,03763217147,active,traveler,default.png,"This is user 19, who enjoys traveling, exploring new places, and connecting with others."
TR-000020,hashed_pass_20,2022-11-24 19:31:27,2024-10-06 09:30:29,user20@example.com,03341488840,inactive,traveler,default.png,"This is user 20, who enjoys traveling, exploring new places, and connecting with others."
TR-000021,hashed_pass_21,2023-06-10 19:23:57,2024-02-08 20:19:14,user21@example.com,03417886258,inactive,traveler,default.png,"This is user 21, who enjoys traveling, exploring new places, and connecting with others."
TR-000022,hashed_pass_22,2022-12-08 08:01:01,2024-01-08 20:21:11,user22@travel.com,+92477525756,deleted,traveler,default.png,"This is user 22, who enjoys traveling, exploring new places, and connecting with others."
TR-000023,hashed_pass_23,2023-12-29 21:00:32,2024-03-15 22:33:05,user23@example.com,03830180338,active,traveler,default.png,"This is user 23, who enjoys traveling, exploring new places, and connecting with others."
TR-000024,hashed_pass_24,2023-08-30 01:21:14,2024-02-21 09:05:59,user24@mail.com,03472581044,pending,traveler,default.png,"This is user 24, who enjoys traveling, exploring new places, and connecting with others."
TR-000025,hashed_pass_25,2023-02-05 16:50:05,2024-03-19 17:22:47,user25@travel.com,+92749659031,deleted,traveler,default.png,"This is user 25, who enjoys traveling, exploring new places, and connecting with others."
TR-000026,hashed_pass_26,2023-01-03 08:53:50,2024-11-26 01:53:57,user26@example.com,+92181688537,inactive,traveler,default.png,"This is user 26, who enjoys traveling, exploring new places, and connecting with others."
TR-000027,hashed_pass_27,2023-02-20 04:09:14,2024-04-12 09:56:22,user27@mail.com,03221953421,active,traveler,default.png,"This is user 27, who enjoys traveling, exploring new places, and connecting with others."
TR-000028,hashed_pass_28,2023-03-31 22:35:33,2024-08-11 02:24:39,user28@adventures.org,03734637232,deleted,traveler,default.png,"This is user 28, who enjoys traveling, exploring new places, and connecting with others."
TR-000029,hashed_pass_29,2023-11-23 00:55:14,2024-06-26 19:04:03,user29@adventures.org,03269579523,pending,traveler,default.png,"This is user 29, who enjoys traveling, exploring new places, and connecting with others."
TR-000030,hashed_pass_30,2023-04-25 05:46:59,2024-04-30 08:48:15,user30@mail.com,+92801802830,deleted,traveler,default.png,"This is user 30, who enjoys traveling, exploring new places, and connecting with others."
TR-000031,hashed_pass_31,2023-12-09 13:45:10,2024-07-20 11:03:15,user31@example.com,+92595508972,active,traveler,default.png,"This is user 31, who enjoys traveling, exploring new places, and connecting with others."
TR-000032,hashed_pass_32,2022-06-12 18:15:52,2024-12-30 15:42:57,user32@mail.com,+92142851968,inactive,traveler,default.png,"This is user 32, who enjoys traveling, exploring new places, and connecting with others."
TR-000033,hashed_pass_33,2022-11-03 12:59:39,2024-08-23 17:48:51,user33@travel.com,+92831454668,pending,traveler,default.png,"This is user 33, who enjoys traveling, exploring new places, and connecting with others."
TR-000034,hashed_pass_34,2023-04-07 07:58:19,2024-06-15 17:40:08,user34@mail.com,+92488164029,active,traveler,default.png,"This is user 34, who enjoys traveling, exploring new places, and connecting with others."
TR-000035,hashed_pass_35,2023-02-26 21:35:27,2024-07-03 11:00:16,user35@adventures.org,+92926003248,pending,traveler,default.png,"This is user 35, who enjoys traveling, exploring new places, and connecting with others."
TR-000036,hashed_pass_36,2022-09-02 09:51:14,2024-07-30 14:53:40,user36@example.com,03630243773,deleted,traveler,default.png,"This is user 36, who enjoys traveling, exploring new places, and connecting with others."
TR-000037,hashed_pass_37,2022-10-18 16:36:29,2024-05-04 15:17:25,user37@example.com,+92860344294,inactive,traveler,default.png,"This is user 37, who enjoys traveling, exploring new places, and connecting with others."
TR-000038,hashed_pass_38,2022-06-26 09:26:27,2024-12-17 21:03:49,user38@example.com,+92320354909,pending,traveler,default.png,"This is user 38, who enjoys traveling, exploring new places, and connecting with others."
TR-000039,hashed_pass_39,2023-09-09 20:01:12,2024-05-05 03:36:36,user39@mail.com,03959135955,pending,traveler,default.png,"This is user 39, who enjoys traveling, exploring new places, and connecting with others."
TR-000040,hashed_pass_40,2022-05-31 00:00:50,2024-03-10 15:17:59,user40@adventures.org,03683361534,deleted,traveler,default.png,"This is user 40, who enjoys traveling, exploring new places, and connecting with others."
TR-000041,hashed_pass_41,2022-11-05 15:03:05,2024-04-05 19:10:18,user41@travel.com,+92135098945,pending,traveler,default.png,"This is user 41, who enjoys traveling, exploring new places, and connecting with others."
TR-000042,hashed_pass_42,2022-12-26 09:02:03,2024-01-05 11:37:06,user42@mail.com,+92988016941,inactive,traveler,default.png,"This is user 42, who enjoys traveling, exploring new places, and connecting with others."
TR-000043,hashed_pass_43,2022-04-07 01:35:58,2024-04-09 22:30:41,user43@travel.com,03590717809,inactive,traveler,default.png,"This is user 43, who enjoys traveling, exploring new places, and connecting with others."
TR-000044,hashed_pass_44,2022-08-31 11:06:27,2024-01-31 21:12:32,user44@travel.com,+92309756690,active,traveler,default.png,"This is user 44, who enjoys traveling, exploring new places, and connecting with others."
TR-000045,hashed_pass_45,2023-05-20 09:23:07,2024-01-25 00:53:34,user45@example.com,+92070487176,deleted,traveler,default.png,"This is user 45, who enjoys traveling, exploring new places, and connecting with others."
TR-000046,hashed_pass_46,2023-06-22 05:59:24,2024-02-15 07:08:37,user46@example.com,03323027872,deleted,traveler,default.png,"This is user 46, who enjoys traveling, exploring new places, and connecting with others."
TR-000047,hashed_pass_47,2022-06-16 11:34:21,2025-01-25 07:41:13,user47@mail.com,03165468869,inactive,traveler,default.png,"This is user 47, who enjoys traveling, exploring new places, and connecting with others."
TR-000048,hashed_pass_48,2023-03-28 11:34:24,2024-01-24 14:37:17,user48@example.com,03620789878,pending,traveler,default.png,"This is user 48, who enjoys traveling, exploring new places, and connecting with others."
TR-000049,hashed_pass_49,2023-11-28 09:57:16,2025-02-01 16:01:19,user49@travel.com,03773022637,pending,traveler,default.png,"This is user 49, who enjoys traveling, exploring new places, and connecting with others."
TR-000050,hashed_pass_50,2022-03-06 12:21:22,2024-04-27 05:34:40,user50@mail.com,+92698126647,active,traveler,default.png,"This is user 50, who enjoys traveling, exploring new places, and connecting with others."
AD-000001,hashed_pass_51,2023-05-12 11:10:13,2024-08-31 02:43:03,user51@adventures.org,03598296383,inactive,admin,default.png,"This is user 51, who enjoys traveling, exploring new places, and connecting with others."
AD-000002,hashed_pass_52,2022-01-14 16:39:07,2024-11-15 04:39:43,user52@adventures.org,03372313142,pending,admin,default.png,"This is user 52, who enjoys traveling, exploring new places, and connecting with others."
AD-000003,hashed_pass_53,2023-03-31 13:10:26,2025-02-09 14:01:04,user53@adventures.org,+92959645399,deleted,admin,default.png,"This is user 53, who enjoys traveling, exploring new places, and connecting with others."
AD-000004,hashed_pass_54,2023-01-01 05:05:47,2024-02-02 22:07:58,user54@travel.com,+92995392818,active,admin,default.png,"This is user 54, who enjoys traveling, exploring new places, and connecting with others."
AD-000005,hashed_pass_55,2022-05-04 02:21:52,2025-02-06 03:19:14,user55@adventures.org,03982480213,pending,admin,default.png,"This is user 55, who enjoys traveling, exploring new places, and connecting with others."
AD-000006,hashed_pass_56,2023-11-07 18:00:52,2024-08-20 03:41:49,user56@travel.com,+92159194593,inactive,admin,default.png,"This is user 56, who enjoys traveling, exploring new places, and connecting with others."
AD-000007,hashed_pass_57,2022-03-15 16:40:25,2025-03-25 22:45:36,user57@example.com,03137998328,deleted,admin,default.png,"This is user 57, who enjoys traveling, exploring new places, and connecting with others."
AD-000008,hashed_pass_58,2023-10-27 09:31:08,2025-03-27 18:34:41,user58@example.com,+92126318774,deleted,admin,default.png,"This is user 58, who enjoys traveling, exploring new places, and connecting with others."
AD-000009,hashed_pass_59,2022-09-05 15:06:06,2024-11-05 12:29:03,user59@mail.com,+92817645186,pending,admin,default.png,"This is user 59, who enjoys traveling, exploring new places, and connecting with others."
AD-000010,hashed_pass_60,2023-03-11 15:42:30,2024-06-04 02:14:15,user60@travel.com,03615008026,inactive,admin,default.png,"This is user 60, who enjoys traveling, exploring new places, and connecting with others."
AD-000011,hashed_pass_61,2022-09-28 17:21:13,2024-07-21 07:11:29,user61@adventures.org,+92743397659,deleted,admin,default.png,"This is user 61, who enjoys traveling, exploring new places, and connecting with others."
AD-000012,hashed_pass_62,2023-04-30 06:07:56,2025-02-11 06:04:34,user62@travel.com,+92295087237,pending,admin,default.png,"This is user 62, who enjoys traveling, exploring new places, and connecting with others."
AD-000013,hashed_pass_63,2022-10-03 08:26:25,2025-02-26 14:13:59,user63@example.com,03975155547,inactive,admin,default.png,"This is user 63, who enjoys traveling, exploring new places, and connecting with others."
AD-000014,hashed_pass_64,2022-05-28 00:37:02,2025-01-19 08:46:32,user64@adventures.org,+92312636616,deleted,admin,default.png,"This is user 64, who enjoys traveling, exploring new places, and connecting with others."
AD-000015,hashed_pass_65,2023-08-22 23:50:01,2025-02-23 18:36:30,user65@travel.com,03268730593,inactive,admin,default.png,"This is user 65, who enjoys traveling, exploring new places, and connecting with others."
AD-000016,hashed_pass_66,2023-10-15 02:46:42,2024-02-05 02:31:46,user66@example.com,+92498883219,pending,admin,default.png,"This is user 66, who enjoys traveling, exploring new places, and connecting with others."
AD-000017,hashed_pass_67,2023-03-26 13:23:28,2024-08-11 02:27:00,user67@adventures.org,+92248905271,active,admin,default.png,"This is user 67, who enjoys traveling, exploring new places, and connecting with others."
AD-000018,hashed_pass_68,2022-02-01 18:26:04,2025-03-01 08:25:53,user68@adventures.org,+92295976915,active,admin,default.png,"This is user 68, who enjoys traveling, exploring new places, and connecting with others."
AD-000019,hashed_pass_69,2022-02-09 04:38:21,2024-06-10 08:42:08,user69@mail.com,+92221352878,pending,admin,default.png,"This is user 69, who enjoys traveling, exploring new places, and connecting with others."
AD-000020,hashed_pass_70,2022-10-10 12:23:43,2025-02-26 15:40:58,user70@example.com,+92643622431,inactive,admin,default.png,"This is user 70, who enjoys traveling, exploring new places, and connecting with others."
AD-000021,hashed_pass_71,2023-01-19 01:07:00,2024-05-27 12:39:22,user71@example.com,+92877629405,pending,admin,default.png,"This is user 71, who enjoys traveling, exploring new places, and connecting with others."
AD-000022,hashed_pass_72,2022-09-10 22:21:07,2025-03-17 11:39:05,user72@example.com,03141554745,inactive,admin,default.png,"This is user 72, who enjoys traveling, exploring new places, and connecting with others."
AD-000023,hashed_pass_73,2022-09-28 23:03:55,2024-07-03 10:38:10,user73@mail.com,03095085043,inactive,admin,default.png,"This is user 73, who enjoys traveling, exploring new places, and connecting with others."
AD-000024,hashed_pass_74,2023-07-30 23:25:10,2024-03-25 20:30:35,user74@adventures.org,03529218903,active,admin,default.png,"This is user 74, who enjoys traveling, exploring new places, and connecting with others."
AD-000025,hashed_pass_75,2022-12-15 00:04:07,2024-05-29 17:02:43,user75@adventures.org,03681183241,active,admin,default.png,"This is user 75, who enjoys traveling, exploring new places, and connecting with others."
AD-000026,hashed_pass_76,2022-07-13 22:54:01,2024-04-17 09:47:29,user76@mail.com,03732742059,pending,admin,default.png,"This is user 76, who enjoys traveling, exploring new places, and connecting with others."
AD-000027,hashed_pass_77,2022-08-08 20:05:05,2024-12-01 18:36:10,user77@travel.com,03874110244,active,admin,default.png,"This is user 77, who enjoys traveling, exploring new places, and connecting with others."
AD-000028,hashed_pass_78,2023-08-17 21:49:25,2024-12-14 11:20:23,user78@travel.com,03795685399,active,admin,default.png,"This is user 78, who enjoys traveling, exploring new places, and connecting with others."
AD-000029,hashed_pass_79,2023-05-18 19:13:51,2024-10-19 16:26:15,user79@travel.com,03265118638,active,admin,default.png,"This is user 79, who enjoys traveling, exploring new places, and connecting with others."
AD-000030,hashed_pass_80,2023-07-12 02:29:01,2024-01-09 03:44:20,user80@example.com,+92269104913,deleted,admin,default.png,"This is user 80, who enjoys traveling, exploring new places, and connecting with others."
AD-000031,hashed_pass_81,2022-10-16 14:42:49,2024-06-17 10:15:04,user81@travel.com,03417150233,inactive,admin,default.png,"This is user 81, who enjoys traveling, exploring new places, and connecting with others."
AD-000032,hashed_pass_82,2022-10-19 02:20:27,2024-09-04 21:05:35,user82@mail.com,03732455077,deleted,admin,default.png,"This is user 82, who enjoys traveling, exploring new places, and connecting with others."
AD-000033,hashed_pass_83,2022-04-04 04:58:14,2024-08-10 11:54:43,user83@example.com,+92941654279,pending,admin,default.png,"This is user 83, who enjoys traveling, exploring new places, and connecting with others."
AD-000034,hashed_pass_84,2022-09-28 23:04:53,2024-06-24 05:20:30,user84@adventures.org,03500189644,pending,admin,default.png,"This is user 84, who enjoys traveling, exploring new places, and connecting with others."
AD-000035,hashed_pass_85,2023-10-11 04:27:47,2024-01-27 10:40:50,user85@adventures.org,+92649717485,pending,admin,default.png,"This is user 85, who enjoys traveling, exploring new places, and connecting with others."
AD-000036,hashed_pass_86,2022-07-16 00:02:46,2024-10-23 11:38:17,user86@adventures.org,+92987097253,active,admin,default.png,"This is user 86, who enjoys traveling, exploring new places, and connecting with others."
AD-000037,hashed_pass_87,2023-03-12 14:55:13,2024-12-17 19:28:46,user87@adventures.org,+92434504141,deleted,admin,default.png,"This is user 87, who enjoys traveling, exploring new places, and connecting with others."
AD-000038,hashed_pass_88,2022-03-06 07:46:49,2025-01-17 01:53:58,user88@mail.com,+92746552497,deleted,admin,default.png,"This is user 88, who enjoys traveling, exploring new places, and connecting with others."
AD-000039,hashed_pass_89,2023-10-05 10:39:52,2025-03-03 21:44:54,user89@adventures.org,03007308208,active,admin,default.png,"This is user 89, who enjoys traveling, exploring new places, and connecting with others."
AD-000040,hashed_pass_90,2023-11-12 05:34:35,2025-02-17 02:42:02,user90@example.com,+92608498299,pending,admin,default.png,"This is user 90, who enjoys traveling, exploring new places, and connecting with others."
AD-000041,hashed_pass_91,2022-06-24 09:11:41,2024-08-18 12:01:04,user91@travel.com,03273144104,pending,admin,default.png,"This is user 91, who enjoys traveling, exploring new places, and connecting with others."
AD-000042,hashed_pass_92,2023-03-25 03:15:08,2024-02-26 23:51:27,user92@travel.com,03460168162,pending,admin,default.png,"This is user 92, who enjoys traveling, exploring new places, and connecting with others."
AD-000043,hashed_pass_93,2023-08-21 06:39:07,2024-11-28 10:46:41,user93@example.com,03175284791,inactive,admin,default.png,"This is user 93, who enjoys traveling, exploring new places, and connecting with others."
AD-000044,hashed_pass_94,2023-02-09 04:56:04,2024-09-20 03:58:23,user94@adventures.org,03582581188,pending,admin,default.png,"This is user 94, who enjoys traveling, exploring new places, and connecting with others."
AD-000045,hashed_pass_95,2022-06-05 18:02:33,2025-02-10 06:16:15,user95@travel.com,+92125600370,pending,admin,default.png,"This is user 95, who enjoys traveling, exploring new places, and connecting with others."
AD-000046,hashed_pass_96,2022-06-06 10:08:37,2024-12-26 03:33:32,user96@travel.com,03775209740,deleted,admin,default.png,"This is user 96, who enjoys traveling, exploring new places, and connecting with others."
AD-000047,hashed_pass_97,2022-04-17 09:28:19,2024-10-07 18:21:04,user97@mail.com,+92533896737,deleted,admin,default.png,"This is user 97, who enjoys traveling, exploring new places, and connecting with others."
AD-000048,hashed_pass_98,2022-05-24 20:48:52,2024-05-29 22:39:53,user98@adventures.org,03172493807,pending,admin,default.png,"This is user 98, who enjoys traveling, exploring new places, and connecting with others."
AD-000049,hashed_pass_99,2022-01-18 09:36:07,2024-10-10 21:04:13,user99@example.com,+92766966383,deleted,admin,default.png,"This is user 99, who enjoys traveling, exploring new places, and connecting with others."
AD-000050,hashed_pass_100,2022-05-18 20:17:18,2024-08-06 21:32:06,user100@example.com,03152773556,inactive,admin,default.png,"This is user 100, who enjoys traveling, exploring new places, and connecting with others."
SP-000001,hashed_pass_101,2022-10-09 09:12:15,2024-01-07 18:42:36,user101@example.com,+92685330987,deleted,service_provider,default.png,"This is user 101, who enjoys traveling, exploring new places, and connecting with others."
SP-000002,hashed_pass_102,2023-03-18 11:01:41,2025-01-30 11:47:15,user102@travel.com,03433423200,active,service_provider,default.png,"This is user 102, who enjoys traveling, exploring new places, and connecting with others."
SP-000003,hashed_pass_103,2022-01-23 02:08:30,2024-07-04 02:35:22,user103@travel.com,+92918740780,pending,service_provider,default.png,"This is user 103, who enjoys traveling, exploring new places, and connecting with others."
SP-000004,hashed_pass_104,2022-11-18 12:35:10,2024-12-21 07:54:26,user104@mail.com,03380946478,deleted,service_provider,default.png,"This is user 104, who enjoys traveling, exploring new places, and connecting with others."
SP-000005,hashed_pass_105,2022-08-16 06:11:58,2024-11-13 21:45:11,user105@travel.com,+92276928060,active,service_provider,default.png,"This is user 105, who enjoys traveling, exploring new places, and connecting with others."
SP-000006,hashed_pass_106,2023-05-27 23:05:20,2024-06-02 04:05:54,user106@mail.com,+92477047342,pending,service_provider,default.png,"This is user 106, who enjoys traveling, exploring new places, and connecting with others."
SP-000007,hashed_pass_107,2022-08-14 06:25:53,2025-03-16 00:49:29,user107@adventures.org,+92243247457,active,service_provider,default.png,"This is user 107, who enjoys traveling, exploring new places, and connecting with others."
SP-000008,hashed_pass_108,2023-02-02 06:16:29,2024-10-28 17:26:18,user108@travel.com,+92864885821,pending,service_provider,default.png,"This is user 108, who enjoys traveling, exploring new places, and connecting with others."
SP-000009,hashed_pass_109,2022-11-03 13:08:07,2024-06-07 18:02:52,user109@travel.com,03968796943,pending,service_provider,default.png,"This is user 109, who enjoys traveling, exploring new places, and connecting with others."
SP-000010,hashed_pass_110,2022-02-16 20:02:15,2024-04-24 15:56:14,user110@adventures.org,03337075595,active,service_provider,default.png,"This is user 110, who enjoys traveling, exploring new places, and connecting with others."
SP-000011,hashed_pass_111,2022-09-28 21:01:14,2024-06-29 01:49:00,user111@adventures.org,+92440953148,active,service_provider,default.png,"This is user 111, who enjoys traveling, exploring new places, and connecting with others."
SP-000012,hashed_pass_112,2022-10-02 06:42:56,2024-04-26 13:20:11,user112@mail.com,03159251813,deleted,service_provider,default.png,"This is user 112, who enjoys traveling, exploring new places, and connecting with others."
SP-000013,hashed_pass_113,2022-07-08 01:59:21,2024-04-25 03:27:21,user113@example.com,+92592602984,active,service_provider,default.png,"This is user 113, who enjoys traveling, exploring new places, and connecting with others."
SP-000014,hashed_pass_114,2023-06-23 06:40:54,2024-04-18 00:24:37,user114@adventures.org,03727565870,inactive,service_provider,default.png,"This is user 114, who enjoys traveling, exploring new places, and connecting with others."
SP-000015,hashed_pass_115,2022-09-15 02:30:36,2024-06-15 16:50:13,user115@example.com,+92671320646,inactive,service_provider,default.png,"This is user 115, who enjoys traveling, exploring new places, and connecting with others."
SP-000016,hashed_pass_116,2023-01-17 21:44:24,2024-04-16 05:18:09,user116@example.com,03713766953,pending,service_provider,default.png,"This is user 116, who enjoys traveling, exploring new places, and connecting with others."
SP-000017,hashed_pass_117,2023-10-06 18:49:59,2024-05-22 08:09:15,user117@example.com,03377169951,deleted,service_provider,default.png,"This is user 117, who enjoys traveling, exploring new places, and connecting with others."
SP-000018,hashed_pass_118,2022-01-25 20:12:39,2024-02-27 20:02:45,user118@adventures.org,03096834863,pending,service_provider,default.png,"This is user 118, who enjoys traveling, exploring new places, and connecting with others."
SP-000019,hashed_pass_119,2022-07-21 16:57:40,2024-07-26 15:52:07,user119@travel.com,03446135231,pending,service_provider,default.png,"This is user 119, who enjoys traveling, exploring new places, and connecting with others."
SP-000020,hashed_pass_120,2023-02-17 03:59:07,2025-01-08 22:24:45,user120@travel.com,+92615607460,pending,service_provider,default.png,"This is user 120, who enjoys traveling, exploring new places, and connecting with others."
SP-000021,hashed_pass_121,2022-11-18 20:12:51,2025-02-23 21:25:55,user121@adventures.org,+92328919436,inactive,service_provider,default.png,"This is user 121, who enjoys traveling, exploring new places, and connecting with others."
SP-000022,hashed_pass_122,2022-09-30 10:00:40,2024-10-09 19:36:20,user122@mail.com,03189482612,inactive,service_provider,default.png,"This is user 122, who enjoys traveling, exploring new places, and connecting with others."
SP-000023,hashed_pass_123,2022-09-03 07:18:29,2024-03-28 00:21:24,user123@adventures.org,03227382364,active,service_provider,default.png,"This is user 123, who enjoys traveling, exploring new places, and connecting with others."
SP-000024,hashed_pass_124,2022-09-25 08:36:09,2024-02-11 06:09:59,user124@travel.com,+92041758404,inactive,service_provider,default.png,"This is user 124, who enjoys traveling, exploring new places, and connecting with others."
SP-000025,hashed_pass_125,2022-12-08 13:40:00,2024-08-24 04:47:39,user125@mail.com,03922427514,active,service_provider,default.png,"This is user 125, who enjoys traveling, exploring new places, and connecting with others."
SP-000026,hashed_pass_126,2022-05-30 05:19:51,2024-07-21 02:29:46,user126@example.com,03463553351,pending,service_provider,default.png,"This is user 126, who enjoys traveling, exploring new places, and connecting with others."
SP-000027,hashed_pass_127,2022-04-13 13:43:08,2024-07-01 00:25:08,user127@mail.com,03439177322,pending,service_provider,default.png,"This is user 127, who enjoys traveling, exploring new places, and connecting with others."
SP-000028,hashed_pass_128,2023-12-23 18:24:14,2025-03-01 18:42:17,user128@travel.com,+92910214643,pending,service_provider,default.png,"This is user 128, who enjoys traveling, exploring new places, and connecting with others."
SP-000029,hashed_pass_129,2022-08-19 05:02:35,2024-07-17 12:47:01,user129@example.com,+92009828843,inactive,service_provider,default.png,"This is user 129, who enjoys traveling, exploring new places, and connecting with others."
SP-000030,hashed_pass_130,2022-06-02 05:31:22,2025-01-16 18:13:49,user130@adventures.org,03531401003,inactive,service_provider,default.png,"This is user 130, who enjoys traveling, exploring new places, and connecting with others."
SP-000031,hashed_pass_131,2022-04-08 02:54:04,2024-01-28 14:13:01,user131@adventures.org,03301725866,active,service_provider,default.png,"This is user 131, who enjoys traveling, exploring new places, and connecting with others."
SP-000032,hashed_pass_132,2022-11-26 22:47:22,2025-01-15 03:33:00,user132@adventures.org,03477496378,deleted,service_provider,default.png,"This is user 132, who enjoys traveling, exploring new places, and connecting with others."
SP-000033,hashed_pass_133,2023-12-10 01:41:49,2025-01-28 22:42:13,user133@example.com,+92124097109,active,service_provider,default.png,"This is user 133, who enjoys traveling, exploring new places, and connecting with others."
SP-000034,hashed_pass_134,2023-02-24 03:34:05,2024-05-26 06:05:42,user134@mail.com,+92938574018,pending,service_provider,default.png,"This is user 134, who enjoys traveling, exploring new places, and connecting with others."
SP-000035,hashed_pass_135,2022-09-25 17:39:55,2024-05-17 09:48:30,user135@example.com,+92735384389,deleted,service_provider,default.png,"This is user 135, who enjoys traveling, exploring new places, and connecting with others."
SP-000036,hashed_pass_136,2022-10-26 10:05:22,2024-10-30 10:05:27,user136@travel.com,+92459223542,deleted,service_provider,default.png,"This is user 136, who enjoys traveling, exploring new places, and connecting with others."
SP-000037,hashed_pass_137,2022-09-30 02:45:56,2025-03-21 02:59:45,user137@travel.com,03632746451,active,service_provider,default.png,"This is user 137, who enjoys traveling, exploring new places, and connecting with others."
SP-000038,hashed_pass_138,2022-05-06 09:36:24,2024-02-03 15:58:04,user138@travel.com,+92809910516,inactive,service_provider,default.png,"This is user 138, who enjoys traveling, exploring new places, and connecting with others."
SP-000039,hashed_pass_139,2023-06-12 18:56:45,2024-12-06 12:52:59,user139@mail.com,+92824431576,pending,service_provider,default.png,"This is user 139, who enjoys traveling, exploring new places, and connecting with others."
SP-000040,hashed_pass_140,2023-07-26 09:40:33,2024-03-23 09:47:11,user140@example.com,+92535238812,pending,service_provider,default.png,"This is user 140, who enjoys traveling, exploring new places, and connecting with others."
SP-000041,hashed_pass_141,2023-09-03 13:46:41,2024-09-19 17:41:41,user141@example.com,+92596082938,pending,service_provider,default.png,"This is user 141, who enjoys traveling, exploring new places, and connecting with others."
SP-000042,hashed_pass_142,2023-02-02 18:44:00,2025-01-23 07:35:40,user142@travel.com,03960743886,pending,service_provider,default.png,"This is user 142, who enjoys traveling, exploring new places, and connecting with others."
SP-000043,hashed_pass_143,2022-12-12 23:31:20,2024-04-14 23:07:08,user143@mail.com,+92943894101,pending,service_provider,default.png,"This is user 143, who enjoys traveling, exploring new places, and connecting with others."
SP-000044,hashed_pass_144,2023-03-29 00:56:47,2024-06-06 20:31:18,user144@adventures.org,+92576586669,deleted,service_provider,default.png,"This is user 144, who enjoys traveling, exploring new places, and connecting with others."
SP-000045,hashed_pass_145,2023-02-05 05:30:55,2025-03-27 01:18:31,user145@example.com,+92632046793,active,service_provider,default.png,"This is user 145, who enjoys traveling, exploring new places, and connecting with others."
SP-000046,hashed_pass_146,2023-01-31 20:04:05,2024-07-18 06:26:28,user146@adventures.org,03477800628,deleted,service_provider,default.png,"This is user 146, who enjoys traveling, exploring new places, and connecting with others."
SP-000047,hashed_pass_147,2022-06-13 09:52:05,2025-01-05 13:38:06,user147@mail.com,03160955548,pending,service_provider,default.png,"This is user 147, who enjoys traveling, exploring new places, and connecting with others."
SP-000048,hashed_pass_148,2023-06-13 07:03:59,2025-03-21 22:01:56,user148@adventures.org,+92087393921,deleted,service_provider,default.png,"This is user 148, who enjoys traveling, exploring new places, and connecting with others."
SP-000049,hashed_pass_149,2023-09-30 17:32:17,2024-11-24 18:16:23,user149@mail.com,+92517051500,deleted,service_provider,default.png,"This is user 149, who enjoys traveling, exploring new places, and connecting with others."
SP-000050,hashed_pass_150,2023-05-25 00:05:52,2025-01-20 06:44:50,user150@mail.com,03121600850,pending,service_provider,default.png,"This is user 150, who enjoys traveling, exploring new places, and connecting with others."
OP-000001,hashed_pass_151,2022-04-26 11:23:11,2024-11-19 02:58:17,user151@adventures.org,+92989126886,pending,tour_operator,default.png,"This is user 151, who enjoys traveling, exploring new places, and connecting with others."
OP-000002,hashed_pass_152,2022-09-17 03:20:33,2024-03-22 02:52:35,user152@example.com,+92488183606,pending,tour_operator,default.png,"This is user 152, who enjoys traveling, exploring new places, and connecting with others."
OP-000003,hashed_pass_153,2022-04-16 22:09:39,2024-11-02 17:22:39,user153@example.com,03557018727,deleted,tour_operator,default.png,"This is user 153, who enjoys traveling, exploring new places, and connecting with others."
OP-000004,hashed_pass_154,2023-07-15 05:11:15,2024-06-30 15:00:13,user154@example.com,+92336230365,inactive,tour_operator,default.png,"This is user 154, who enjoys traveling, exploring new places, and connecting with others."
OP-000005,hashed_pass_155,2023-11-01 07:55:47,2025-03-11 15:02:51,user155@adventures.org,03725158146,pending,tour_operator,default.png,"This is user 155, who enjoys traveling, exploring new places, and connecting with others."
OP-000006,hashed_pass_156,2023-06-02 17:46:58,2024-07-28 00:27:28,user156@adventures.org,+92637600390,deleted,tour_operator,default.png,"This is user 156, who enjoys traveling, exploring new places, and connecting with others."
OP-000007,hashed_pass_157,2022-12-29 06:14:07,2024-02-18 11:00:00,user157@mail.com,+92374942408,active,tour_operator,default.png,"This is user 157, who enjoys traveling, exploring new places, and connecting with others."
OP-000008,hashed_pass_158,2022-04-28 12:44:03,2024-12-14 11:55:19,user158@adventures.org,+92505750381,inactive,tour_operator,default.png,"This is user 158, who enjoys traveling, exploring new places, and connecting with others."
OP-000009,hashed_pass_159,2023-01-15 05:39:58,2024-06-09 04:10:22,user159@example.com,+92030875208,active,tour_operator,default.png,"This is user 159, who enjoys traveling, exploring new places, and connecting with others."
OP-000010,hashed_pass_160,2022-08-17 20:49:21,2024-11-16 22:20:31,user160@travel.com,03438591712,inactive,tour_operator,default.png,"This is user 160, who enjoys traveling, exploring new places, and connecting with others."
OP-000011,hashed_pass_161,2023-10-02 02:33:22,2025-03-08 20:33:37,user161@mail.com,+92663421799,inactive,tour_operator,default.png,"This is user 161, who enjoys traveling, exploring new places, and connecting with others."
OP-000012,hashed_pass_162,2022-04-04 02:43:04,2024-06-03 01:47:30,user162@mail.com,03200485888,active,tour_operator,default.png,"This is user 162, who enjoys traveling, exploring new places, and connecting with others."
OP-000013,hashed_pass_163,2023-09-13 05:07:04,2024-05-23 07:36:08,user163@travel.com,03081738303,active,tour_operator,default.png,"This is user 163, who enjoys traveling, exploring new places, and connecting with others."
OP-000014,hashed_pass_164,2023-04-19 19:29:47,2024-01-03 07:58:45,user164@adventures.org,03548142578,pending,tour_operator,default.png,"This is user 164, who enjoys traveling, exploring new places, and connecting with others."
OP-000015,hashed_pass_165,2022-06-05 05:17:51,2024-03-27 02:26:15,user165@adventures.org,+92007629227,active,tour_operator,default.png,"This is user 165, who enjoys traveling, exploring new places, and connecting with others."
OP-000016,hashed_pass_166,2023-12-10 11:16:02,2024-04-22 23:55:49,user166@travel.com,03049795598,deleted,tour_operator,default.png,"This is user 166, who enjoys traveling, exploring new places, and connecting with others."
OP-000017,hashed_pass_167,2022-01-26 05:51:57,2024-09-28 01:49:54,user167@travel.com,03096706351,active,tour_operator,default.png,"This is user 167, who enjoys traveling, exploring new places, and connecting with others."
OP-000018,hashed_pass_168,2023-12-09 20:34:10,2024-02-10 07:43:25,user168@example.com,+92756414657,pending,tour_operator,default.png,"This is user 168, who enjoys traveling, exploring new places, and connecting with others."
OP-000019,hashed_pass_169,2022-05-31 06:11:30,2025-01-11 20:11:23,user169@example.com,03811613059,pending,tour_operator,default.png,"This is user 169, who enjoys traveling, exploring new places, and connecting with others."
OP-000020,hashed_pass_170,2022-08-02 16:46:06,2024-04-09 08:20:35,user170@adventures.org,03743714401,pending,tour_operator,default.png,"This is user 170, who enjoys traveling, exploring new places, and connecting with others."
OP-000021,hashed_pass_171,2023-05-28 13:40:58,2024-01-31 17:35:56,user171@travel.com,+92459583429,inactive,tour_operator,default.png,"This is user 171, who enjoys traveling, exploring new places, and connecting with others."
OP-000022,hashed_pass_172,2022-03-07 16:45:39,2025-01-05 16:45:08,user172@mail.com,03731986280,inactive,tour_operator,default.png,"This is user 172, who enjoys traveling, exploring new places, and connecting with others."
OP-000023,hashed_pass_173,2022-02-27 14:37:39,2024-06-03 05:03:15,user173@travel.com,03330703961,inactive,tour_operator,default.png,"This is user 173, who enjoys traveling, exploring new places, and connecting with others."
OP-000024,hashed_pass_174,2022-01-11 14:33:04,2024-05-15 23:11:57,user174@adventures.org,+92644129119,deleted,tour_operator,default.png,"This is user 174, who enjoys traveling, exploring new places, and connecting with others."
OP-000025,hashed_pass_175,2023-07-11 10:23:20,2024-01-07 17:59:05,user175@travel.com,03490625961,pending,tour_operator,default.png,"This is user 175, who enjoys traveling, exploring new places, and connecting with others."
OP-000026,hashed_pass_176,2022-01-31 13:35:07,2024-07-27 21:47:52,user176@travel.com,+92806713421,active,tour_operator,default.png,"This is user 176, who enjoys traveling, exploring new places, and connecting with others."
OP-000027,hashed_pass_177,2023-11-29 18:38:41,2025-02-22 14:48:47,user177@example.com,+92912763291,inactive,tour_operator,default.png,"This is user 177, who enjoys traveling, exploring new places, and connecting with others."
OP-000028,hashed_pass_178,2023-03-20 14:10:26,2024-07-14 13:04:34,user178@mail.com,03631824456,deleted,tour_operator,default.png,"This is user 178, who enjoys traveling, exploring new places, and connecting with others."
OP-000029,hashed_pass_179,2022-10-12 21:01:39,2024-09-17 01:25:12,user179@travel.com,+92726874551,pending,tour_operator,default.png,"This is user 179, who enjoys traveling, exploring new places, and connecting with others."
OP-000030,hashed_pass_180,2023-07-30 05:16:23,2025-01-25 22:02:33,user180@mail.com,03956096699,pending,tour_operator,default.png,"This is user 180, who enjoys traveling, exploring new places, and connecting with others."
OP-000031,hashed_pass_181,2022-08-28 20:29:10,2025-03-18 13:06:57,user181@travel.com,+92971857526,deleted,tour_operator,default.png,"This is user 181, who enjoys traveling, exploring new places, and connecting with others."
OP-000032,hashed_pass_182,2023-10-06 20:52:14,2024-07-19 21:54:08,user182@mail.com,03972734986,inactive,tour_operator,default.png,"This is user 182, who enjoys traveling, exploring new places, and connecting with others."
OP-000033,hashed_pass_183,2022-11-07 11:53:50,2025-01-29 09:19:40,user183@travel.com,03362494767,deleted,tour_operator,default.png,"This is user 183, who enjoys traveling, exploring new places, and connecting with others."
OP-000034,hashed_pass_184,2023-03-04 11:10:05,2024-10-24 03:38:35,user184@mail.com,+92879615327,active,tour_operator,default.png,"This is user 184, who enjoys traveling, exploring new places, and connecting with others."
OP-000035,hashed_pass_185,2022-11-03 05:55:00,2024-06-18 12:11:11,user185@travel.com,03196246280,active,tour_operator,default.png,"This is user 185, who enjoys traveling, exploring new places, and connecting with others."
OP-000036,hashed_pass_186,2022-06-15 19:12:47,2024-01-18 15:19:46,user186@example.com,03686727140,inactive,tour_operator,default.png,"This is user 186, who enjoys traveling, exploring new places, and connecting with others."
OP-000037,hashed_pass_187,2023-11-06 02:41:27,2024-02-13 01:46:46,user187@adventures.org,03027599134,active,tour_operator,default.png,"This is user 187, who enjoys traveling, exploring new places, and connecting with others."
OP-000038,hashed_pass_188,2022-11-25 01:25:45,2024-02-22 01:29:39,user188@mail.com,+92972732774,deleted,tour_operator,default.png,"This is user 188, who enjoys traveling, exploring new places, and connecting with others."
OP-000039,hashed_pass_189,2023-07-14 21:56:11,2024-05-21 05:13:44,user189@example.com,+92443595666,deleted,tour_operator,default.png,"This is user 189, who enjoys traveling, exploring new places, and connecting with others."
OP-000040,hashed_pass_190,2022-02-04 05:23:43,2024-12-29 16:22:44,user190@travel.com,03025481428,inactive,tour_operator,default.png,"This is user 190, who enjoys traveling, exploring new places, and connecting with others."
OP-000041,hashed_pass_191,2023-06-20 18:09:39,2024-01-30 15:51:33,user191@adventures.org,+92710235001,deleted,tour_operator,default.png,"This is user 191, who enjoys traveling, exploring new places, and connecting with others."
OP-000042,hashed_pass_192,2023-09-13 15:55:26,2024-07-25 02:56:37,user192@adventures.org,+92876206689,active,tour_operator,default.png,"This is user 192, who enjoys traveling, exploring new places, and connecting with others."
OP-000043,hashed_pass_193,2023-03-19 12:16:21,2024-11-17 02:02:54,user193@example.com,+92376283114,active,tour_operator,default.png,"This is user 193, who enjoys traveling, exploring new places, and connecting with others."
OP-000044,hashed_pass_194,2022-08-20 20:26:05,2024-02-15 08:52:58,user194@example.com,+92738742580,inactive,tour_operator,default.png,"This is user 194, who enjoys traveling, exploring new places, and connecting with others."
OP-000045,hashed_pass_195,2022-02-01 08:00:28,2025-02-06 06:28:00,user195@adventures.org,+92604132640,pending,tour_operator,default.png,"This is user 195, who enjoys traveling, exploring new places, and connecting with others."
OP-000046,hashed_pass_196,2023-11-28 22:41:16,2024-04-06 22:47:12,user196@travel.com,+92027888541,inactive,tour_operator,default.png,"This is user 196, who enjoys traveling, exploring new places, and connecting with others."
OP-000047,hashed_pass_197,2023-01-03 17:03:37,2024-11-25 23:55:30,user197@adventures.org,+92021489098,inactive,tour_operator,default.png,"This is user 197, who enjoys traveling, exploring new places, and connecting with others."
OP-000048,hashed_pass_198,2022-12-18 20:48:00,2024-11-10 11:58:53,user198@example.com,03562132719,active,tour_operator,default.png,"This is user 198, who enjoys traveling, exploring new places, and connecting with others."
OP-000049,hashed_pass_199,2023-10-29 09:27:43,2024-03-08 01:01:39,user199@travel.com,03911657090,deleted,tour_operator,default.png,"This is user 199, who enjoys traveling, exploring new places, and connecting with others."
OP-000050,hashed_pass_200,2022-03-18 23:56:51,2024-10-23 21:52:04,user200@adventures.org,+92933886885,pending,tour_operator,default.png,"This is user 200, who enjoys traveling, exploring new places, and connecting with others."
